category,api_name,filename,file_size_mb,row_count,column_count,missing_rate,duplicate_rate,key_columns,data_types
financial,fdmtbsbankalllatestget,year_2023.csv,0.1141805648803711,180,68,22.908496732026144,0.0,"secID, publishDate, endDate, endDateRep, partyID, secShortName","{'float64': 53, 'object': 10, 'int64': 5}"
financial,fdmtbsbankalllatestget,year_2022.csv,0.11341381072998047,180,68,23.34967320261438,0.0,"secID, publishDate, endDate, endDateRep, partyID, secShortName","{'float64': 53, 'object': 10, 'int64': 5}"
financial,fdmtbsbankalllatestget,year_2020.csv,0.09903335571289062,159,68,24.30632630410655,0.0,"secID, publishDate, endDate, endDateRep, partyID, secShortName","{'float64': 53, 'object': 10, 'int64': 5}"
financial,fdmtbsbankalllatestget,year_2008.csv,0.03638267517089844,56,68,22.24264705882353,0.0,"secID, publishDate, endDate, endDateRep, partyID, secShortName","{'float64': 53, 'object': 10, 'int64': 5}"
financial,fdmtbsbankalllatestget,year_2009.csv,0.03721332550048828,56,68,20.561974789915965,0.0,"secID, publishDate, endDate, endDateRep, partyID, secShortName","{'float64': 53, 'object': 10, 'int64': 5}"
financial,fdmtisindualllatestget,year_2023.csv,8.635810852050781,1000,56,26.73392857142857,0.0,"secID, publishDate, endDate, endDateRep, partyID, secShortName","{'float64': 42, 'object': 10, 'int64': 4}"
financial,fdmtisindualllatestget,year_2022.csv,8.165634155273438,1000,56,26.953571428571426,0.0,"secID, publishDate, endDate, endDateRep, partyID, secShortName","{'float64': 42, 'object': 10, 'int64': 4}"
financial,fdmtisindualllatestget,year_2020.csv,8.121241569519043,1000,56,27.630357142857143,0.0,"secID, publishDate, endDate, endDateRep, partyID, secShortName","{'float64': 42, 'object': 10, 'int64': 4}"
financial,fdmtisindualllatestget,year_2008.csv,2.699091911315918,1000,56,34.599999999999994,0.0,"secID, publishDate, endDate, endDateRep, partyID, secShortName","{'float64': 42, 'object': 10, 'int64': 4}"
financial,fdmtisindualllatestget,year_2009.csv,2.979252815246582,1000,56,32.275,0.0,"secID, publishDate, endDate, endDateRep, partyID, secShortName","{'float64': 42, 'object': 10, 'int64': 4}"
financial,fdmtbsindualllatestget,year_2007.backup.csv,3.3702383041381836,1000,108,51.70462962962963,0.0,"secID, publishDate, endDate, endDateRep, partyID, secShortName","{'float64': 94, 'object': 10, 'int64': 4}"
financial,fdmtbsindualllatestget,year_2002.backup.csv,2.344280242919922,1000,108,56.471296296296295,0.0,"secID, publishDate, endDate, endDateRep, partyID, secShortName","{'float64': 94, 'object': 10, 'int64': 4}"
financial,fdmtbsindualllatestget,year_2023.csv,13.61716079711914,1000,108,45.07037037037037,0.0,"secID, publishDate, endDate, endDateRep, partyID, secShortName","{'float64': 94, 'object': 10, 'int64': 4}"
financial,fdmtbsindualllatestget,year_2005.backup.csv,2.830394744873047,1000,108,54.00462962962963,0.0,"secID, publishDate, endDate, endDateRep, partyID, secShortName","{'float64': 94, 'object': 10, 'int64': 4}"
financial,fdmtbsindualllatestget,year_2022.csv,12.672943115234375,1000,108,45.37870370370371,0.0,"secID, publishDate, endDate, endDateRep, partyID, secShortName","{'float64': 94, 'object': 10, 'int64': 4}"
financial,fdmtisbankalllatestget,year_2023.csv,0.09502220153808594,197,51,11.028167612222555,0.0,"secID, publishDate, endDate, endDateRep, partyID, secShortName","{'float64': 37, 'object': 10, 'int64': 4}"
financial,fdmtisbankalllatestget,year_2022.csv,0.09480476379394531,197,51,11.117746591022195,0.0,"secID, publishDate, endDate, endDateRep, partyID, secShortName","{'float64': 37, 'object': 10, 'int64': 4}"
financial,fdmtisbankalllatestget,year_2020.csv,0.09273338317871094,195,51,11.875314228255403,0.0,"secID, publishDate, endDate, endDateRep, partyID, secShortName","{'float64': 37, 'object': 10, 'int64': 4}"
financial,fdmtisbankalllatestget,year_2008.csv,0.033232688903808594,74,51,18.60095389507154,0.0,"secID, publishDate, endDate, endDateRep, partyID, secShortName","{'float64': 37, 'object': 10, 'int64': 4}"
financial,fdmtisbankalllatestget,year_2009.csv,0.03472423553466797,74,51,14.679385267620562,0.0,"secID, publishDate, endDate, endDateRep, partyID, secShortName","{'float64': 37, 'object': 10, 'int64': 4}"
financial,fdmtindipsget,year_2023.csv,3.463926315307617,1000,23,0.8391304347826086,0.0,"secID, partyID, secShortName, endDate","{'float64': 17, 'object': 4, 'int64': 2}"
financial,fdmtindipsget,year_2022.csv,3.23983097076416,1000,23,0.7652173913043478,0.0,"secID, partyID, secShortName, endDate","{'float64': 17, 'object': 4, 'int64': 2}"
financial,fdmtindipsget,year_2020.csv,2.6031494140625,1000,23,0.7739130434782608,0.0,"secID, partyID, secShortName, endDate","{'float64': 17, 'object': 4, 'int64': 2}"
financial,fdmtindipsget,year_2008.csv,0.977900505065918,1000,23,0.7000000000000001,0.0,"secID, partyID, secShortName, endDate","{'float64': 17, 'object': 4, 'int64': 2}"
financial,fdmtindipsget,year_2009.csv,1.032374382019043,1000,23,0.6782608695652174,0.0,"secID, partyID, secShortName, endDate","{'float64': 17, 'object': 4, 'int64': 2}"
financial,fdmtcfbankalllatestget,year_2023.csv,0.10414314270019531,180,62,21.92652329749104,0.0,"secID, publishDate, endDate, endDateRep, partyID, secShortName","{'float64': 48, 'object': 10, 'int64': 4}"
financial,fdmtcfbankalllatestget,year_2022.csv,0.10433387756347656,180,62,21.621863799283155,0.0,"secID, publishDate, endDate, endDateRep, partyID, secShortName","{'float64': 48, 'object': 10, 'int64': 4}"
financial,fdmtcfbankalllatestget,year_2020.csv,0.09214401245117188,160,62,22.338709677419356,0.0,"secID, publishDate, endDate, endDateRep, partyID, secShortName","{'float64': 48, 'object': 10, 'int64': 4}"
financial,fdmtcfbankalllatestget,year_2008.csv,0.030653953552246094,56,62,26.92972350230415,0.0,"secID, publishDate, endDate, endDateRep, partyID, secShortName","{'float64': 48, 'object': 10, 'int64': 4}"
financial,fdmtcfbankalllatestget,year_2009.csv,0.0309906005859375,56,62,26.09447004608295,0.0,"secID, publishDate, endDate, endDateRep, partyID, secShortName","{'float64': 48, 'object': 10, 'int64': 4}"
financial,fdmtcfindualllatestget,year_2023.csv,9.940125465393066,1000,68,34.95441176470588,0.0,"secID, publishDate, endDate, endDateRep, partyID, secShortName","{'float64': 54, 'object': 10, 'int64': 4}"
financial,fdmtcfindualllatestget,year_2022.csv,9.366194725036621,1000,68,34.82205882352941,0.0,"secID, publishDate, endDate, endDateRep, partyID, secShortName","{'float64': 54, 'object': 10, 'int64': 4}"
financial,fdmtcfindualllatestget,year_2020.csv,7.5249223709106445,1000,68,36.08382352941176,0.0,"secID, publishDate, endDate, endDateRep, partyID, secShortName","{'float64': 54, 'object': 10, 'int64': 4}"
financial,fdmtcfindualllatestget,year_2008.csv,2.6590805053710938,1000,68,40.550000000000004,0.0,"secID, publishDate, endDate, endDateRep, partyID, secShortName","{'float64': 54, 'object': 10, 'int64': 4}"
financial,fdmtcfindualllatestget,year_2009.csv,2.794938087463379,1000,68,40.60735294117647,0.0,"secID, publishDate, endDate, endDateRep, partyID, secShortName","{'float64': 54, 'object': 10, 'int64': 4}"
financial,fdmtcfalllatestget,year_2023.csv,10.148608207702637,1000,68,34.919117647058826,0.0,"secID, publishDate, endDate, endDateRep, partyID, secShortName","{'float64': 54, 'object': 10, 'int64': 4}"
financial,fdmtcfalllatestget,year_2022.csv,9.572651863098145,1000,68,34.78382352941177,0.0,"secID, publishDate, endDate, endDateRep, partyID, secShortName","{'float64': 54, 'object': 10, 'int64': 4}"
financial,fdmtcfalllatestget,year_2020.csv,7.710497856140137,1000,68,36.064705882352946,0.0,"secID, publishDate, endDate, endDateRep, partyID, secShortName","{'float64': 54, 'object': 10, 'int64': 4}"
financial,fdmtcfalllatestget,year_2008.csv,2.705563545227051,1000,68,40.575,0.0,"secID, publishDate, endDate, endDateRep, partyID, secShortName","{'float64': 54, 'object': 10, 'int64': 4}"
financial,fdmtcfalllatestget,year_2009.csv,2.8476390838623047,1000,68,40.64411764705883,0.0,"secID, publishDate, endDate, endDateRep, partyID, secShortName","{'float64': 54, 'object': 10, 'int64': 4}"
financial,fdmtderget,year_2023.csv,6.76805305480957,1000,29,4.9655172413793105,0.0,"secID, partyID, secShortName, endDate","{'float64': 23, 'object': 4, 'int64': 2}"
financial,fdmtderget,year_2022.csv,6.350347518920898,1000,29,4.951724137931034,0.0,"secID, partyID, secShortName, endDate","{'float64': 23, 'object': 4, 'int64': 2}"
financial,fdmtderget,year_2020.csv,5.122586250305176,1000,29,5.0,0.0,"secID, partyID, secShortName, endDate","{'float64': 23, 'object': 4, 'int64': 2}"
financial,fdmtderget,year_2008.csv,1.8245477676391602,1000,29,6.727586206896552,0.0,"secID, partyID, secShortName, endDate","{'float64': 23, 'object': 4, 'int64': 2}"
financial,fdmtderget,year_2009.csv,1.9516849517822266,1000,29,4.906896551724138,0.0,"secID, partyID, secShortName, endDate","{'float64': 23, 'object': 4, 'int64': 2}"
financial,fdmtisalllatestget,year_2023.csv,8.815045356750488,1000,56,26.673214285714288,0.0,"secID, publishDate, endDate, endDateRep, partyID, secShortName","{'float64': 42, 'object': 10, 'int64': 4}"
financial,fdmtisalllatestget,year_2022.csv,8.343402862548828,1000,56,26.880357142857143,0.0,"secID, publishDate, endDate, endDateRep, partyID, secShortName","{'float64': 42, 'object': 10, 'int64': 4}"
financial,fdmtisalllatestget,year_2020.csv,8.309348106384277,1000,56,27.576785714285712,0.0,"secID, publishDate, endDate, endDateRep, partyID, secShortName","{'float64': 42, 'object': 10, 'int64': 4}"
financial,fdmtisalllatestget,year_2008.csv,2.746793746948242,1000,56,34.589285714285715,0.0,"secID, publishDate, endDate, endDateRep, partyID, secShortName","{'float64': 42, 'object': 10, 'int64': 4}"
financial,fdmtisalllatestget,year_2009.csv,3.0351123809814453,1000,56,32.22857142857143,0.0,"secID, publishDate, endDate, endDateRep, partyID, secShortName","{'float64': 42, 'object': 10, 'int64': 4}"
financial,fdmtindigrowthget,year_2023.csv,3.7074670791625977,1000,22,0.12272727272727273,0.0,"secID, partyID, secShortName, endDate","{'float64': 16, 'object': 4, 'int64': 2}"
financial,fdmtindigrowthget,year_2022.csv,3.4766006469726562,1000,22,0.09545454545454546,0.0,"secID, partyID, secShortName, endDate","{'float64': 16, 'object': 4, 'int64': 2}"
financial,fdmtindigrowthget,year_2020.csv,2.815317153930664,1000,22,0.11363636363636363,0.0,"secID, partyID, secShortName, endDate","{'float64': 16, 'object': 4, 'int64': 2}"
financial,fdmtindigrowthget,year_2008.csv,1.0519838333129883,1000,22,0.9227272727272728,0.0,"secID, partyID, secShortName, endDate","{'float64': 16, 'object': 4, 'int64': 2}"
financial,fdmtindigrowthget,year_2009.csv,1.1069087982177734,1000,22,0.6863636363636363,0.0,"secID, partyID, secShortName, endDate","{'float64': 16, 'object': 4, 'int64': 2}"
financial,fdmtbsalllatestget,year_2002.backup.csv,2.380282402038574,1000,103,54.195145631067966,0.0,"secID, publishDate, endDate, endDateRep, partyID, secShortName","{'float64': 88, 'object': 11, 'int64': 4}"
financial,fdmtbsalllatestget,year_2023.csv,14.071354866027832,1000,103,42.43009708737864,0.0,"secID, publishDate, endDate, endDateRep, partyID, secShortName","{'float64': 88, 'object': 11, 'int64': 4}"
financial,fdmtbsalllatestget,year_2005.backup.csv,2.87078857421875,1000,103,51.811650485436886,0.0,"secID, publishDate, endDate, endDateRep, partyID, secShortName","{'float64': 88, 'object': 11, 'int64': 4}"
financial,fdmtbsalllatestget,year_2022.csv,13.109090805053711,1000,103,42.685436893203885,0.0,"secID, publishDate, endDate, endDateRep, partyID, secShortName","{'float64': 88, 'object': 11, 'int64': 4}"
financial,fdmtbsalllatestget,year_2020.csv,10.520520210266113,1000,103,44.38543689320388,0.0,"secID, publishDate, endDate, endDateRep, partyID, secShortName","{'float64': 88, 'object': 11, 'int64': 4}"
special_trading,mktconsbondpremiumget,year_2021.backup.csv,463.0876808166504,1000,12,0.0,0.0,"SecID, secShortNameBond, tradeDate, closePriceBond, secShortNameEqu, closePriceEqu, convPrice","{'object': 5, 'float64': 4, 'int64': 3}"
special_trading,mktconsbondpremiumget,year_2024.backup.csv,557.2864646911621,1000,12,0.0,0.0,"SecID, secShortNameBond, tradeDate, closePriceBond, secShortNameEqu, closePriceEqu, convPrice","{'object': 5, 'float64': 4, 'int64': 3}"
special_trading,mktconsbondpremiumget,year_2019.backup.csv,224.64831066131592,1000,12,0.0,0.0,"SecID, secShortNameBond, tradeDate, closePriceBond, secShortNameEqu, closePriceEqu, convPrice","{'object': 5, 'float64': 4, 'int64': 3}"
special_trading,mktconsbondpremiumget,year_2023.csv,10.139278411865234,1000,12,0.0,0.0,"SecID, secShortNameBond, tradeDate, closePriceBond, secShortNameEqu, closePriceEqu, convPrice","{'object': 5, 'float64': 4, 'int64': 3}"
special_trading,mktconsbondpremiumget,year_2022.csv,10.111733436584473,1000,12,0.0,0.0,"SecID, secShortNameBond, tradeDate, closePriceBond, secShortNameEqu, closePriceEqu, convPrice","{'object': 5, 'float64': 4, 'int64': 3}"
special_trading,mktrankinstr,20140930.csv,0.008152008056640625,84,11,0.0,0.0,"secID, secShortName, tradeDate, closePrice, industryID, industryName","{'object': 6, 'int64': 3, 'float64': 2}"
special_trading,mktrankinstr,20090331.csv,0.008138656616210938,84,11,0.0,0.0,"secID, secShortName, tradeDate, closePrice, industryID, industryName","{'object': 6, 'int64': 3, 'float64': 2}"
special_trading,mktrankinstr,20141231.csv,0.008182525634765625,84,11,0.0,0.0,"secID, secShortName, tradeDate, closePrice, industryID, industryName","{'object': 6, 'int64': 3, 'float64': 2}"
special_trading,mktrankinstr,20220930.csv,0.008168220520019531,84,11,0.0,0.0,"secID, secShortName, tradeDate, closePrice, industryID, industryName","{'object': 6, 'int64': 3, 'float64': 2}"
special_trading,mktrankinstr,20100331.csv,0.008203506469726562,84,11,0.0,0.0,"secID, secShortName, tradeDate, closePrice, industryID, industryName","{'object': 6, 'int64': 3, 'float64': 2}"
special_trading,mktrankdivyieldget,year_2023.csv,85.86797618865967,1000,11,0.0,0.0,"secID, secShortName, tradeDate, closePrice","{'object': 5, 'float64': 4, 'int64': 2}"
special_trading,mktrankdivyieldget,year_2022.csv,80.72598934173584,1000,11,0.0,0.0,"secID, secShortName, tradeDate, closePrice","{'object': 5, 'float64': 4, 'int64': 2}"
special_trading,mktrankdivyieldget,year_2020.csv,65.19025707244873,1000,11,0.0,0.0,"secID, secShortName, tradeDate, closePrice","{'object': 5, 'float64': 4, 'int64': 2}"
special_trading,mktrankdivyieldget,year_2008.csv,18.051647186279297,1000,11,0.0,0.0,"secID, secShortName, tradeDate, closePrice","{'object': 5, 'float64': 4, 'int64': 2}"
special_trading,mktrankdivyieldget,year_2009.csv,19.28181552886963,1000,11,0.0,0.0,"secID, secShortName, tradeDate, closePrice","{'object': 5, 'float64': 4, 'int64': 2}"
special_trading,fsttotalget,year_2023.csv,3.193143844604492,1000,10,0.0,29.799999999999997,tradeDate,"{'int64': 6, 'object': 3, 'float64': 1}"
special_trading,fsttotalget,year_2022.csv,2.3035545349121094,1000,10,0.0,51.6,tradeDate,"{'int64': 6, 'object': 3, 'float64': 1}"
special_trading,fsttotalget,year_2020.csv,1.8417282104492188,1000,10,0.0,51.4,tradeDate,"{'int64': 6, 'object': 3, 'float64': 1}"
special_trading,fsttotalget,year_2021.csv,2.0847434997558594,1000,10,0.0,51.4,tradeDate,"{'int64': 6, 'object': 3, 'float64': 1}"
special_trading,fsttotalget,year_2019.csv,1.6495294570922852,1000,10,0.0,51.2,tradeDate,"{'int64': 6, 'object': 3, 'float64': 1}"
special_trading,mktblockdget,year_2023.csv,6.439517021179199,1000,12,0.0,2.0,"tradeDate, secID, secFullName, tradePrice","{'object': 8, 'float64': 3, 'int64': 1}"
special_trading,mktblockdget,year_2022.csv,6.19669246673584,1000,12,0.0,3.0,"tradeDate, secID, secFullName, tradePrice","{'object': 8, 'float64': 3, 'int64': 1}"
special_trading,mktblockdget,year_2020.csv,4.647343635559082,1000,12,0.0,6.5,"tradeDate, secID, secFullName, tradePrice","{'object': 8, 'float64': 3, 'int64': 1}"
special_trading,mktblockdget,year_2008.csv,0.196258544921875,1000,12,0.0,2.0,"tradeDate, secID, secFullName, tradePrice","{'object': 8, 'float64': 3, 'int64': 1}"
special_trading,mktblockdget,year_2009.csv,0.4097251892089844,1000,12,0.0,2.8000000000000003,"tradeDate, secID, secFullName, tradePrice","{'object': 8, 'float64': 3, 'int64': 1}"
special_trading,mktranklistsalesget,year_2023.csv,19.120702743530273,1000,13,7.6923076923076925,0.0,"secID, secShortName, tradeDate, side","{'object': 7, 'int64': 3, 'float64': 3}"
special_trading,mktranklistsalesget,year_2022.csv,21.650273323059082,1000,13,7.6923076923076925,0.0,"secID, secShortName, tradeDate, side","{'object': 7, 'int64': 3, 'float64': 3}"
special_trading,mktranklistsalesget,year_2020.csv,23.11256217956543,1000,13,7.6923076923076925,0.0,"secID, secShortName, tradeDate, side","{'object': 7, 'int64': 3, 'float64': 3}"
special_trading,mktranklistsalesget,year_2008.csv,10.657543182373047,1000,13,7.6923076923076925,0.0,"secID, secShortName, tradeDate, side","{'object': 7, 'int64': 3, 'float64': 3}"
special_trading,mktranklistsalesget,year_2009.csv,8.294424057006836,1000,13,7.6923076923076925,0.0,"secID, secShortName, tradeDate, side","{'object': 7, 'int64': 3, 'float64': 3}"
special_trading,equisactivityget,year_2023.csv,20.048497200012207,1000,9,0.0,0.0,"eventID, secID, secShortName, surveyDate, publishDate, updateTime","{'object': 7, 'int64': 2}"
special_trading,equisactivityget,year_2022.csv,19.66108512878418,1000,9,0.0,0.0,"eventID, secID, secShortName, surveyDate, publishDate, updateTime","{'object': 7, 'int64': 2}"
special_trading,equisactivityget,year_2020.csv,17.779237747192383,1000,9,0.0,0.0,"eventID, secID, secShortName, surveyDate, publishDate, updateTime","{'object': 7, 'int64': 2}"
special_trading,equisactivityget,year_2008.csv,7.58975887298584,1000,9,0.0,0.0,"eventID, secID, secShortName, surveyDate, publishDate, updateTime","{'object': 7, 'int64': 2}"
special_trading,equisactivityget,year_2009.csv,8.318913459777832,1000,9,0.0,0.0,"eventID, secID, secShortName, surveyDate, publishDate, updateTime","{'object': 7, 'int64': 2}"
special_trading,sechaltget,year_2023.csv,0.03205585479736328,412,9,11.11111111111111,0.0,"secID, secShortName, delistDate","{'object': 7, 'int64': 1, 'float64': 1}"
special_trading,sechaltget,year_2022.csv,0.045653343200683594,587,9,11.11111111111111,0.0,"secID, secShortName, delistDate","{'object': 7, 'int64': 1, 'float64': 1}"
special_trading,sechaltget,year_2020.csv,0.06023883819580078,775,9,11.11111111111111,0.0,"secID, secShortName, delistDate","{'object': 7, 'int64': 1, 'float64': 1}"
special_trading,sechaltget,year_2008.csv,0.8403635025024414,1000,9,11.11111111111111,0.0,"secID, secShortName, delistDate","{'object': 7, 'int64': 1, 'float64': 1}"
special_trading,sechaltget,year_2009.csv,0.503962516784668,1000,9,11.11111111111111,0.0,"secID, secShortName, delistDate","{'object': 7, 'int64': 1, 'float64': 1}"
special_trading,vfsttargetget,static_data.csv,0.7226457595825195,1000,9,8.71111111111111,0.0,"secID, secShortName, intoDate, outDate, updateTime","{'object': 6, 'int64': 3}"
special_trading,fstdetailget,year_2023.csv,102.43677425384521,1000,16,0.0,0.0,"tradeDate, secID, secShortName","{'object': 7, 'int64': 7, 'float64': 2}"
special_trading,fstdetailget,year_2022.csv,77.95413303375244,1000,16,0.0,0.0,"tradeDate, secID, secShortName","{'object': 7, 'int64': 7, 'float64': 2}"
special_trading,fstdetailget,year_2020.csv,53.794095039367676,1000,16,0.0,0.0,"tradeDate, secID, secShortName","{'object': 7, 'int64': 7, 'float64': 2}"
special_trading,fstdetailget,year_2021.csv,64.07638549804688,1000,16,0.0,0.0,"tradeDate, secID, secShortName","{'object': 7, 'int64': 7, 'float64': 2}"
special_trading,fstdetailget,year_2019.csv,36.833343505859375,1000,16,0.0,0.0,"tradeDate, secID, secShortName","{'object': 7, 'int64': 7, 'float64': 2}"
special_trading,fdmtee,year_2023.csv,0.7025976181030273,1000,75,33.586666666666666,0.0,"secID, publishDate, endDate, partyID, secShortName","{'float64': 61, 'object': 10, 'int64': 4}"
special_trading,fdmtee,year_2022.csv,0.76092529296875,1000,75,33.550666666666665,0.0,"secID, publishDate, endDate, partyID, secShortName","{'float64': 61, 'object': 10, 'int64': 4}"
special_trading,fdmtee,year_2020.csv,1.0634870529174805,1000,75,39.912,0.0,"secID, publishDate, endDate, partyID, secShortName","{'float64': 61, 'object': 10, 'int64': 4}"
special_trading,fdmtee,year_2008.csv,0.2016773223876953,512,75,44.697916666666664,0.0,"secID, publishDate, endDate, partyID, secShortName","{'float64': 61, 'object': 10, 'int64': 4}"
special_trading,fdmtee,year_2009.csv,0.225067138671875,557,75,43.437462597247155,0.0,"secID, publishDate, endDate, partyID, secShortName","{'float64': 61, 'object': 10, 'int64': 4}"
special_trading,mktequdstatsget,year_2023.csv,0.12504100799560547,1000,7,2.3857142857142857,0.0,"tradeDate, updateTime","{'object': 3, 'int64': 3, 'float64': 1}"
special_trading,mktequdstatsget,year_2022.csv,0.12579631805419922,1000,7,1.1857142857142857,0.0,"tradeDate, updateTime","{'object': 3, 'int64': 3, 'float64': 1}"
special_trading,mktequdstatsget,year_2020.csv,0.12695693969726562,1000,7,0.0,0.0,"tradeDate, updateTime","{'int64': 4, 'object': 3}"
special_trading,mktequdstatsget,year_2021.csv,0.11386966705322266,1000,7,0.0,0.0,"tradeDate, updateTime","{'int64': 4, 'object': 3}"
special_trading,mktequdstatsget,year_2019.csv,0.11501216888427734,1000,7,0.0,0.0,"tradeDate, updateTime","{'int64': 4, 'object': 3}"
special_trading,mktrankinsttrget,2010_Q3.csv,0.008184432983398438,84,11,0.0,0.0,"secID, secShortName, tradeDate, closePrice, industryID, industryName","{'object': 6, 'int64': 3, 'float64': 2}"
special_trading,mktrankinsttrget,2010_Q2.csv,0.008169174194335938,84,11,0.0,0.0,"secID, secShortName, tradeDate, closePrice, industryID, industryName","{'object': 6, 'int64': 3, 'float64': 2}"
special_trading,mktrankinsttrget,2024_Q4.csv,0.008175849914550781,84,11,0.0,0.0,"secID, secShortName, tradeDate, closePrice, industryID, industryName","{'object': 6, 'int64': 3, 'float64': 2}"
special_trading,mktrankinsttrget,2010_Q1.csv,0.008200645446777344,84,11,0.0,0.0,"secID, secShortName, tradeDate, closePrice, industryID, industryName","{'object': 6, 'int64': 3, 'float64': 2}"
special_trading,mktrankinsttrget,2012_Q4.csv,0.008164405822753906,84,11,0.0,0.0,"secID, secShortName, tradeDate, closePrice, industryID, industryName","{'object': 6, 'int64': 3, 'float64': 2}"
special_trading,mktlimitget,year_2023.csv,96.85429859161377,1000,12,16.666666666666664,0.0,"secID, secShortName, secShortNameEn, tradeDate, limitUpPrice, limitDownPrice","{'float64': 6, 'object': 5, 'int64': 1}"
special_trading,mktlimitget,year_2022.csv,89.25783729553223,1000,12,16.666666666666664,0.0,"secID, secShortName, secShortNameEn, tradeDate, limitUpPrice, limitDownPrice","{'float64': 6, 'object': 5, 'int64': 1}"
special_trading,mktlimitget,year_2020.csv,70.39106273651123,1000,12,16.666666666666664,0.0,"secID, secShortName, secShortNameEn, tradeDate, limitUpPrice, limitDownPrice","{'float64': 6, 'object': 5, 'int64': 1}"
special_trading,mktlimitget,year_2008.csv,25.46268939971924,1000,12,33.33333333333333,0.0,"secID, secShortName, secShortNameEn, tradeDate, limitUpPrice, limitDownPrice","{'float64': 6, 'object': 5, 'int64': 1}"
special_trading,mktlimitget,year_2009.csv,26.046939849853516,1000,12,33.33333333333333,0.0,"secID, secShortName, secShortNameEn, tradeDate, limitUpPrice, limitDownPrice","{'float64': 6, 'object': 5, 'int64': 1}"
special_trading,mktrankliststocksget,year_2023.csv,2.0827159881591797,1000,12,12.041666666666668,0.0,"secID, secShortName, tradeDate","{'object': 7, 'int64': 4, 'float64': 1}"
special_trading,mktrankliststocksget,year_2022.csv,2.367124557495117,1000,12,10.083333333333332,0.0,"secID, secShortName, tradeDate","{'object': 7, 'int64': 3, 'float64': 2}"
special_trading,mktrankliststocksget,year_2020.csv,2.490542411804199,1000,12,13.566666666666666,0.0,"secID, secShortName, tradeDate","{'object': 7, 'int64': 3, 'float64': 2}"
special_trading,mktrankliststocksget,year_2008.csv,1.119826316833496,1000,12,13.0,0.0,"secID, secShortName, tradeDate","{'object': 7, 'int64': 4, 'float64': 1}"
special_trading,mktrankliststocksget,year_2009.csv,0.8452901840209961,1000,12,14.183333333333334,0.0,"secID, secShortName, tradeDate","{'object': 7, 'int64': 4, 'float64': 1}"
special_trading,equisparticipantqaget,year_2023.csv,16428.974637031555,1000,11,16.400000000000002,0.0,"eventID, secID, secShortName, partyName, participantName, receptionistName","{'object': 10, 'int64': 1}"
special_trading,equisparticipantqaget,year_2022.csv,16275.717591285706,1000,11,16.400000000000002,0.0,"eventID, secID, secShortName, partyName, participantName, receptionistName","{'object': 10, 'int64': 1}"
special_trading,equisparticipantqaget,year_2020.csv,13086.328888893127,1000,11,16.400000000000002,0.0,"eventID, secID, secShortName, partyName, participantName, receptionistName","{'object': 10, 'int64': 1}"
special_trading,equisparticipantqaget,year_2008.csv,3079.272862434387,1000,11,16.400000000000002,0.0,"eventID, secID, secShortName, partyName, participantName, receptionistName","{'object': 10, 'int64': 1}"
special_trading,equisparticipantqaget,year_2009.csv,3528.2568731307983,1000,11,16.400000000000002,0.0,"eventID, secID, secShortName, partyName, participantName, receptionistName","{'object': 10, 'int64': 1}"
special_trading,mktipocontraddaysget,year_2023.csv,0.02586078643798828,313,12,0.0,0.0,"secID, secShortName, listDate, issuePrice, firstDayClosePrice, breakConClosePrice","{'float64': 5, 'object': 4, 'int64': 3}"
special_trading,mktipocontraddaysget,year_2022.csv,0.03522205352783203,428,12,0.11682242990654204,0.0,"secID, secShortName, listDate, issuePrice, firstDayClosePrice, breakConClosePrice","{'float64': 5, 'object': 4, 'int64': 3}"
special_trading,mktipocontraddaysget,year_2020.csv,0.035247802734375,426,12,0.03912363067292645,0.0,"secID, secShortName, listDate, issuePrice, firstDayClosePrice, breakConClosePrice","{'float64': 5, 'object': 4, 'int64': 3}"
special_trading,mktipocontraddaysget,year_2021.csv,0.04331016540527344,524,12,0.031806615776081425,0.0,"secID, secShortName, listDate, issuePrice, firstDayClosePrice, breakConClosePrice","{'float64': 5, 'object': 4, 'int64': 3}"
special_trading,mktipocontraddaysget,year_2019.csv,0.016740798950195312,202,12,0.08250825082508251,0.0,"secID, secShortName, listDate, issuePrice, firstDayClosePrice, breakConClosePrice","{'float64': 5, 'object': 4, 'int64': 3}"
basic_info,secidget,static_data.csv,9.672097206115723,1000,12,21.75,0.0,"secID, secShortName, listDate","{'object': 11, 'float64': 1}"
basic_info,equget,static_data.csv,2.546992301940918,1000,22,4.195454545454545,0.0,"secID, secShortName, secFullName, listDate","{'object': 15, 'float64': 4, 'int64': 3}"
basic_info,mktidxdget,year_2023.csv,15.216261863708496,1000,15,0.0,0.0,"indexID, porgFullName, secShortName, tradeDate","{'float64': 9, 'object': 5, 'int64': 1}"
basic_info,mktidxdget,year_2022.csv,15.553617477416992,1000,15,0.0,0.0,"indexID, porgFullName, secShortName, tradeDate","{'float64': 9, 'object': 5, 'int64': 1}"
basic_info,mktidxdget,year_2020.csv,15.60976505279541,1000,15,0.0,0.0,"indexID, porgFullName, secShortName, tradeDate","{'float64': 9, 'object': 5, 'int64': 1}"
basic_info,mktidxdget,year_2008.csv,15.090682029724121,1000,15,0.0,0.0,"indexID, porgFullName, secShortName, tradeDate","{'float64': 9, 'object': 5, 'int64': 1}"
basic_info,mktidxdget,year_2009.csv,14.850361824035645,1000,15,0.0,0.0,"indexID, porgFullName, secShortName, tradeDate","{'float64': 9, 'object': 5, 'int64': 1}"
basic_info,equipoget,static_data.csv,1.1744365692138672,1000,29,23.29655172413793,0.0,"secID, secShortName, publishDate, onlineIssueDate, listDate, issuePrice","{'float64': 19, 'object': 8, 'int64': 2}"
basic_info,equindustryget,static_data.csv,15.55281925201416,1000,22,10.072727272727272,0.0,"secID, secShortName, secFullName, partyID, industryID, industrySymbol","{'object': 13, 'int64': 7, 'float64': 2}"
basic_info,equdivget,year_2023.csv,1.3787307739257812,1000,27,52.36666666666666,0.0,"secID, secShortName, endDate, newPubDate, publishDate, shcPublishDate, imPublishDate","{'object': 15, 'float64': 10, 'int64': 2}"
basic_info,equdivget,year_2022.csv,1.2559280395507812,1000,27,52.407407407407405,0.0,"secID, secShortName, endDate, newPubDate, publishDate, shcPublishDate, imPublishDate","{'object': 14, 'float64': 11, 'int64': 2}"
basic_info,equdivget,year_2020.csv,0.5776042938232422,1000,27,24.988888888888887,0.0,"secID, secShortName, endDate, newPubDate, publishDate, shcPublishDate, imPublishDate","{'object': 16, 'float64': 8, 'int64': 3}"
basic_info,equdivget,year_2008.csv,0.1763315200805664,939,27,24.206208338263714,0.0,"secID, secShortName, endDate, newPubDate, publishDate, shcPublishDate, imPublishDate","{'object': 16, 'float64': 8, 'int64': 3}"
basic_info,equdivget,year_2009.csv,0.1910266876220703,1000,27,23.755555555555556,0.0,"secID, secShortName, endDate, newPubDate, publishDate, shcPublishDate, imPublishDate","{'object': 16, 'float64': 8, 'int64': 3}"
basic_info,equsplitsget,year_2008.csv,0.00020694732666015625,1,10,0.0,0.0,"secID, secshortName, publishDate, splitsBaseDate, reTradeDate","{'object': 6, 'int64': 3, 'float64': 1}"
basic_info,equsplitsget,year_2009.csv,0.0005054473876953125,5,10,12.0,0.0,"secID, secshortName, publishDate, splitsBaseDate, reTradeDate","{'object': 5, 'int64': 3, 'float64': 2}"
basic_info,equsplitsget,year_2014.csv,0.00020503997802734375,1,10,0.0,0.0,"secID, secshortName, publishDate, splitsBaseDate, reTradeDate","{'object': 6, 'int64': 3, 'float64': 1}"
basic_info,equsplitsget,year_2005.csv,0.0005855560302734375,5,10,0.0,0.0,"secID, secshortName, publishDate, splitsBaseDate, reTradeDate","{'object': 6, 'int64': 3, 'float64': 1}"
basic_info,equsplitsget,year_2007.csv,0.00020599365234375,1,10,0.0,0.0,"secID, secshortName, publishDate, splitsBaseDate, reTradeDate","{'object': 6, 'int64': 3, 'float64': 1}"
governance,equshareholdersmeetingget,year_2023.csv,8.577638626098633,1000,15,0.0,0.0,"secID, secShortName, hldMeetDate","{'object': 8, 'int64': 6, 'float64': 1}"
governance,equshareholdersmeetingget,year_2022.csv,8.254545211791992,1000,15,0.0,0.0,"secID, secShortName, hldMeetDate","{'object': 8, 'int64': 6, 'float64': 1}"
governance,equshareholdersmeetingget,year_2020.csv,7.003676414489746,1000,15,0.0,0.0,"secID, secShortName, hldMeetDate","{'object': 8, 'int64': 4, 'float64': 3}"
governance,equshareholdersmeetingget,year_2008.csv,2.080693244934082,1000,15,0.04,0.0,"secID, secShortName, hldMeetDate","{'object': 8, 'int64': 4, 'float64': 3}"
governance,equshareholdersmeetingget,year_2009.csv,2.172483444213867,1000,15,0.0,0.0,"secID, secShortName, hldMeetDate","{'object': 8, 'int64': 4, 'float64': 3}"
governance,equiposharefloatget,year_2023.csv,1.0471649169921875,1000,10,10.97,0.0,"secID, secShortName, publishDate, fullName, listedDate","{'object': 6, 'float64': 3, 'int64': 1}"
governance,equiposharefloatget,year_2022.csv,1.303750991821289,1000,10,11.39,0.0,"secID, secShortName, publishDate, fullName, listedDate","{'object': 6, 'float64': 3, 'int64': 1}"
governance,equiposharefloatget,year_2020.csv,1.6417341232299805,1000,10,14.66,0.0,"secID, secShortName, publishDate, fullName, listedDate","{'object': 7, 'float64': 2, 'int64': 1}"
governance,equiposharefloatget,year_2008.csv,0.13104820251464844,1000,10,18.93,0.0,"secID, secShortName, publishDate, fullName, listedDate","{'object': 7, 'float64': 2, 'int64': 1}"
governance,equiposharefloatget,year_2009.csv,0.09305667877197266,1000,10,18.6,0.0,"secID, secShortName, publishDate, fullName, listedDate","{'object': 7, 'float64': 2, 'int64': 1}"
governance,equsharesexcitget,year_2023.csv,3.8798370361328125,681,25,0.23494860499265785,0.0,"secID, secShortName, publishDate, advanceDate","{'object': 14, 'int64': 6, 'float64': 5}"
governance,equsharesexcitget,year_2022.csv,4.698664665222168,698,25,0.30945558739255014,0.0,"secID, secShortName, publishDate, advanceDate","{'object': 14, 'int64': 6, 'float64': 5}"
governance,equsharesexcitget,year_2020.csv,2.375086784362793,412,25,0.2912621359223301,0.0,"secID, secShortName, publishDate, advanceDate","{'object': 14, 'float64': 6, 'int64': 5}"
governance,equsharesexcitget,year_2008.csv,0.15617752075195312,56,25,8.5,0.0,"secID, secShortName, publishDate, advanceDate","{'object': 14, 'float64': 7, 'int64': 4}"
governance,equsharesexcitget,year_2009.csv,0.06670475006103516,26,25,12.923076923076923,0.0,"secID, secShortName, publishDate, advanceDate","{'object': 14, 'float64': 7, 'int64': 4}"
governance,equpledgeget,year_2023.csv,4.347438812255859,1000,25,4.208,0.0,"partyID, secID, secShortName, publishDate, shName, shNameType, orgName","{'object': 13, 'float64': 8, 'int64': 4}"
governance,equpledgeget,year_2022.csv,4.241674423217773,1000,25,5.4399999999999995,0.0,"partyID, secID, secShortName, publishDate, shName, shNameType, orgName","{'object': 13, 'float64': 8, 'int64': 4}"
governance,equpledgeget,year_2020.csv,7.474001884460449,1000,25,6.140000000000001,0.0,"partyID, secID, secShortName, publishDate, shName, shNameType, orgName","{'object': 13, 'float64': 8, 'int64': 4}"
governance,equpledgeget,year_2008.csv,0.15262889862060547,176,25,32.40909090909091,0.0,"partyID, secID, secShortName, publishDate, shName, shNameType, orgName","{'object': 13, 'float64': 9, 'int64': 3}"
governance,equpledgeget,year_2009.csv,0.2539968490600586,275,25,33.74545454545454,0.0,"partyID, secID, secShortName, publishDate, shName, shNameType, orgName","{'object': 13, 'float64': 9, 'int64': 3}"
governance,equshtenget,year_2002_Q3.csv,13.861668586730957,1000,16,5.60625,0.0,"secID, secShortName, endDate, shName","{'object': 9, 'int64': 4, 'float64': 3}"
governance,equshtenget,year_2010_Q3.csv,14.615683555603027,1000,16,2.30625,0.0,"secID, secShortName, endDate, shName","{'object': 9, 'int64': 4, 'float64': 3}"
governance,equshtenget,year_2010_Q2.csv,14.615073204040527,1000,16,2.30625,0.0,"secID, secShortName, endDate, shName","{'object': 9, 'int64': 4, 'float64': 3}"
governance,equshtenget,year_2002_Q2.csv,13.826167106628418,1000,16,5.6000000000000005,0.0,"secID, secShortName, endDate, shName","{'object': 9, 'int64': 4, 'float64': 3}"
governance,equshtenget,year_2024_Q4.csv,14.98215389251709,1000,16,0.44999999999999996,0.0,"secID, secShortName, endDate, shName","{'object': 9, 'int64': 4, 'float64': 3}"
governance,equchangeplanget,year_2023.csv,0.6483192443847656,1000,25,35.312,0.0,"secID, secShortName, publishDate, firstPublishDate, beginDate, endDate, shName","{'float64': 12, 'object': 9, 'int64': 4}"
governance,equchangeplanget,year_2022.csv,0.5962553024291992,1000,25,35.416,0.0,"secID, secShortName, publishDate, firstPublishDate, beginDate, endDate, shName","{'float64': 11, 'object': 10, 'int64': 4}"
governance,equchangeplanget,year_2020.csv,0.5759563446044922,1000,25,35.388,0.0,"secID, secShortName, publishDate, firstPublishDate, beginDate, endDate, shName","{'float64': 12, 'object': 9, 'int64': 4}"
governance,equchangeplanget,year_2021.csv,0.5298643112182617,1000,25,35.484,0.0,"secID, secShortName, publishDate, firstPublishDate, beginDate, endDate, shName","{'float64': 11, 'object': 10, 'int64': 4}"
governance,equchangeplanget,year_2019.csv,0.5069484710693359,1000,25,35.488,0.0,"secID, secShortName, publishDate, firstPublishDate, beginDate, endDate, shName","{'float64': 11, 'object': 10, 'int64': 4}"
governance,equfloatshtenget,year_2010_Q3.csv,13.200586318969727,1000,15,2.3266666666666667,0.0,"secID, secShortName, endDate, publishDate, shID, shName","{'object': 8, 'int64': 5, 'float64': 2}"
governance,equfloatshtenget,year_2010_Q2.csv,13.178937911987305,1000,15,2.506666666666667,0.0,"secID, secShortName, endDate, publishDate, shID, shName","{'object': 8, 'int64': 5, 'float64': 2}"
governance,equfloatshtenget,year_2024_Q4.csv,14.13757610321045,1000,15,0.35333333333333333,0.0,"secID, secShortName, endDate, publishDate, shID, shName","{'object': 8, 'int64': 5, 'float64': 2}"
governance,equfloatshtenget,year_2010_Q1.csv,13.14895248413086,1000,15,2.6866666666666665,0.0,"secID, secShortName, endDate, publishDate, shID, shName","{'object': 8, 'int64': 5, 'float64': 2}"
governance,equfloatshtenget,year_2012_Q4.csv,13.455133438110352,1000,15,1.5266666666666666,0.0,"secID, secShortName, endDate, publishDate, shID, shName","{'object': 8, 'int64': 5, 'float64': 2}"
governance,equactualcontrollerget,static_data.csv,50.65611171722412,1000,14,39.17857142857143,85.6,"secID, secShortName, endDate","{'object': 10, 'float64': 3, 'int64': 1}"
governance,equstockpledgeget,year_2023.csv,10.9433012008667,1000,11,0.0,0.0,"secID, secShortName, publishDate","{'object': 5, 'float64': 4, 'int64': 2}"
governance,equstockpledgeget,year_2022.csv,10.968535423278809,1000,11,0.0,0.0,"secID, secShortName, publishDate","{'object': 5, 'float64': 4, 'int64': 2}"
governance,equstockpledgeget,year_2020.csv,13.095464706420898,1000,11,0.0,0.0,"secID, secShortName, publishDate","{'object': 5, 'float64': 4, 'int64': 2}"
governance,equstockpledgeget,year_2021.csv,11.455815315246582,1000,11,0.0,0.0,"secID, secShortName, publishDate","{'object': 5, 'float64': 4, 'int64': 2}"
governance,equstockpledgeget,year_2019.csv,14.620002746582031,1000,11,0.0,0.0,"secID, secShortName, publishDate","{'object': 5, 'float64': 4, 'int64': 2}"
governance,equallotget,year_2023.csv,0.00060272216796875,3,20,26.666666666666668,0.0,"secID, secShortName, publishDate, allotmentPrice","{'object': 11, 'float64': 8, 'int64': 1}"
governance,equallotget,year_2022.csv,0.0011568069458007812,7,20,24.285714285714285,0.0,"secID, secShortName, publishDate, allotmentPrice","{'object': 11, 'float64': 8, 'int64': 1}"
governance,equallotget,year_2020.csv,0.001861572265625,12,20,22.5,0.0,"secID, secShortName, publishDate, allotmentPrice","{'object': 11, 'float64': 8, 'int64': 1}"
governance,equallotget,year_2008.csv,0.0009946823120117188,10,20,55.00000000000001,0.0,"secID, secShortName, publishDate, allotmentPrice","{'object': 11, 'float64': 8, 'int64': 1}"
governance,equallotget,year_2009.csv,0.0034570693969726562,23,20,18.695652173913043,0.0,"secID, secShortName, publishDate, allotmentPrice","{'object': 11, 'float64': 8, 'int64': 1}"
governance,equreformsharefloatget,year_2023.csv,0.009830474853515625,129,9,0.0,0.0,"secID, secShortName, floatDate, restShName","{'object': 5, 'int64': 3, 'float64': 1}"
governance,equreformsharefloatget,year_2022.csv,0.004730224609375,50,9,0.0,0.0,"secID, secShortName, floatDate, restShName","{'object': 5, 'int64': 3, 'float64': 1}"
governance,equreformsharefloatget,year_2020.csv,0.004277229309082031,51,9,0.0,0.0,"secID, secShortName, floatDate, restShName","{'object': 5, 'int64': 3, 'float64': 1}"
governance,equreformsharefloatget,year_2008.csv,0.39740943908691406,1000,9,0.0,0.0,"secID, secShortName, floatDate, restShName","{'object': 5, 'int64': 3, 'float64': 1}"
governance,equreformsharefloatget,year_2009.csv,0.23556900024414062,1000,9,0.0,0.0,"secID, secShortName, floatDate, restShName","{'object': 5, 'int64': 3, 'float64': 1}"
governance,equpartynatureget,static_data.csv,8.379364967346191,1000,8,0.36250000000000004,0.0,"secID, secShortName, secFullName","{'object': 6, 'int64': 1, 'float64': 1}"
governance,equexecsholdingsget,year_2023.csv,12.285531997680664,1000,17,10.229411764705883,0.0,"secID, secShortName, endDate, name, subsidy","{'object': 8, 'float64': 6, 'int64': 3}"
governance,equexecsholdingsget,year_2022.csv,11.629444122314453,1000,17,10.41764705882353,0.0,"secID, secShortName, endDate, name, subsidy","{'object': 8, 'float64': 6, 'int64': 3}"
governance,equexecsholdingsget,year_2020.csv,9.639775276184082,1000,17,12.511764705882353,0.0,"secID, secShortName, endDate, name, subsidy","{'object': 8, 'float64': 6, 'int64': 3}"
governance,equexecsholdingsget,year_2008.csv,3.6726598739624023,1000,17,15.858823529411763,0.0,"secID, secShortName, endDate, name, subsidy","{'object': 8, 'float64': 7, 'int64': 2}"
governance,equexecsholdingsget,year_2009.csv,3.9387807846069336,1000,17,16.08235294117647,0.0,"secID, secShortName, endDate, name, subsidy","{'object': 8, 'float64': 7, 'int64': 2}"
governance,equspopubresultget,year_2020.csv,0.0008258819580078125,2,31,0.0,0.0,"secID, secShortName, proPublishDate, lotRatPublishDate, onlIssCode, onlIssShortname","{'int64': 17, 'object': 8, 'float64': 6}"
governance,equspopubresultget,year_2008.csv,0.006580352783203125,26,31,0.9925558312655087,0.0,"secID, secShortName, proPublishDate, lotRatPublishDate, onlIssCode, onlIssShortname","{'int64': 15, 'object': 8, 'float64': 8}"
governance,equspopubresultget,year_2009.csv,0.0035791397094726562,13,31,0.49627791563275436,0.0,"secID, secShortName, proPublishDate, lotRatPublishDate, onlIssCode, onlIssShortname","{'int64': 15, 'object': 8, 'float64': 8}"
governance,equspopubresultget,year_2019.csv,0.0010509490966796875,3,31,0.0,0.0,"secID, secShortName, proPublishDate, lotRatPublishDate, onlIssCode, onlIssShortname","{'int64': 17, 'object': 8, 'float64': 6}"
governance,equspopubresultget,year_2002.csv,0.005802154541015625,23,31,2.9453015427769986,0.0,"secID, secShortName, proPublishDate, lotRatPublishDate, onlIssCode, onlIssShortname","{'int64': 12, 'float64': 11, 'object': 8}"
governance,equallotmentsubscriptionresultsget,year_2023.csv,0.0009050369262695312,4,19,0.0,0.0,"secID, secShortName, shortName, allotCode, proPublishDate, resultDate","{'int64': 10, 'object': 8, 'float64': 1}"
governance,equallotmentsubscriptionresultsget,year_2022.csv,0.0017681121826171875,9,19,0.0,0.0,"secID, secShortName, shortName, allotCode, proPublishDate, resultDate","{'int64': 10, 'object': 8, 'float64': 1}"
governance,equallotmentsubscriptionresultsget,year_2020.csv,0.0027666091918945312,15,19,0.0,0.0,"secID, secShortName, shortName, allotCode, proPublishDate, resultDate","{'int64': 10, 'object': 8, 'float64': 1}"
governance,equallotmentsubscriptionresultsget,year_2008.csv,0.0016193389892578125,8,19,0.0,0.0,"secID, secShortName, shortName, allotCode, proPublishDate, resultDate","{'int64': 10, 'object': 8, 'float64': 1}"
governance,equallotmentsubscriptionresultsget,year_2009.csv,0.00177764892578125,9,19,0.5847953216374269,0.0,"secID, secShortName, shortName, allotCode, proPublishDate, resultDate","{'int64': 9, 'object': 8, 'float64': 2}"
governance,equspoget,year_2023.csv,0.5867996215820312,459,72,44.01174049866861,0.0,"secID, secShortName, secShortNameEn, planPublishDate, shcPublishDate, issuePricePul, issuePricePll, vldBeginDate","{'object': 33, 'float64': 28, 'int64': 11}"
governance,equspoget,year_2022.csv,0.8216104507446289,635,72,35.61679790026246,0.0,"secID, secShortName, secShortNameEn, planPublishDate, shcPublishDate, issuePricePul, issuePricePll, vldBeginDate","{'object': 33, 'float64': 28, 'int64': 11}"
governance,equspoget,year_2020.csv,1.2158164978027344,997,72,34.921430959545305,0.0,"secID, secShortName, secShortNameEn, planPublishDate, shcPublishDate, issuePricePul, issuePricePll, vldBeginDate","{'object': 33, 'float64': 28, 'int64': 11}"
governance,equspoget,year_2008.csv,0.15803813934326172,0,0,0.0,0.0,,{}
governance,equspoget,year_2009.csv,0.2537412643432617,1000,72,53.07777777777778,79.9,"secID, secShortName, secShortNameEn, planPublishDate, shcPublishDate, issuePricePul, issuePricePll, vldBeginDate","{'float64': 33, 'object': 32, 'int64': 7}"
governance,equoldshofferget,year_2019.csv,0.00023746490478515625,1,11,0.0,0.0,"secID, secShortName, publishDate, shName","{'object': 6, 'int64': 3, 'float64': 2}"
governance,equoldshofferget,year_2018.csv,0.012970924377441406,126,11,0.0,0.0,"secID, secShortName, publishDate, shName","{'object': 6, 'float64': 4, 'int64': 1}"
governance,equoldshofferget,year_2016.csv,0.013337135314941406,130,11,0.0,0.0,"secID, secShortName, publishDate, shName","{'object': 6, 'float64': 4, 'int64': 1}"
governance,equoldshofferget,year_2017.csv,0.0030803680419921875,27,11,0.0,0.0,"secID, secShortName, publishDate, shName","{'object': 6, 'float64': 4, 'int64': 1}"
governance,equoldshofferget,year_2015.csv,0.013234138488769531,134,11,4.2062415196743554,0.0,"secID, secShortName, publishDate, shName","{'object': 6, 'float64': 4, 'int64': 1}"
governance,equmschangesget,year_2023.csv,1.9119415283203125,1000,17,0.03529411764705882,0.0,"secID, secShortName, managerName, holderName","{'object': 11, 'float64': 4, 'int64': 2}"
governance,equmschangesget,year_2022.csv,1.9492263793945312,1000,17,0.0588235294117647,0.0,"secID, secShortName, managerName, holderName","{'object': 11, 'float64': 4, 'int64': 2}"
governance,equmschangesget,year_2020.csv,2.065095901489258,1000,17,1.6941176470588233,0.0,"secID, secShortName, managerName, holderName","{'object': 11, 'float64': 4, 'int64': 2}"
governance,equmschangesget,year_2008.csv,0.3858461380004883,1000,17,11.24705882352941,0.0,"secID, secShortName, managerName, holderName","{'object': 10, 'float64': 5, 'int64': 2}"
governance,equmschangesget,year_2009.csv,0.5509986877441406,1000,17,12.211764705882352,0.0,"secID, secShortName, managerName, holderName","{'object': 10, 'float64': 5, 'int64': 2}"
governance,equmanagersget,static_data.csv,8.084567070007324,1000,10,1.6199999999999999,0.0,"secID, secShortName, managerName, beginDate, endDate","{'object': 7, 'int64': 2, 'float64': 1}"
governance,equrelatedtransactionget,year_2023.csv,10.135605812072754,1000,17,13.776470588235293,0.0,"secID, secShortName, publishDate, relatedPartyName","{'object': 12, 'float64': 3, 'int64': 2}"
governance,equrelatedtransactionget,year_2022.csv,6.063364028930664,1000,17,14.494117647058824,0.0,"secID, secShortName, publishDate, relatedPartyName","{'object': 12, 'float64': 3, 'int64': 2}"
governance,equrelatedtransactionget,year_2020.csv,4.088066101074219,1000,17,14.747058823529413,0.0,"secID, secShortName, publishDate, relatedPartyName","{'object': 12, 'float64': 3, 'int64': 2}"
governance,equrelatedtransactionget,year_2008.csv,1.0411710739135742,1000,17,11.935294117647059,0.1,"secID, secShortName, publishDate, relatedPartyName","{'object': 14, 'int64': 2, 'float64': 1}"
governance,equrelatedtransactionget,year_2009.csv,0.9171066284179688,1000,17,11.941176470588236,0.0,"secID, secShortName, publishDate, relatedPartyName","{'object': 14, 'int64': 2, 'float64': 1}"
governance,equsharesfloatget,year_2023.csv,0.29111480712890625,1000,8,0.0,0.0,"secID, secShortName, publishDate, floatDate","{'object': 6, 'int64': 1, 'float64': 1}"
governance,equsharesfloatget,year_2022.csv,0.2490682601928711,1000,8,0.0,0.0,"secID, secShortName, publishDate, floatDate","{'object': 6, 'int64': 1, 'float64': 1}"
governance,equsharesfloatget,year_2020.csv,0.1788482666015625,1000,8,0.0,0.0,"secID, secShortName, publishDate, floatDate","{'object': 6, 'int64': 1, 'float64': 1}"
governance,equsharesfloatget,year_2008.csv,0.0861673355102539,1000,8,0.0,0.0,"secID, secShortName, publishDate, floatDate","{'object': 6, 'int64': 1, 'float64': 1}"
governance,equsharesfloatget,year_2009.csv,0.0831460952758789,1000,8,0.0,0.0,"secID, secShortName, publishDate, floatDate","{'object': 6, 'int64': 1, 'float64': 1}"
governance,equshareholdernumget,year_2002_Q3.csv,0.8363199234008789,1000,11,8.89090909090909,0.0,"secID, secShortName, publishDate, endDate","{'object': 6, 'int64': 4, 'float64': 1}"
governance,equshareholdernumget,year_2010_Q3.csv,5.493128776550293,1000,11,2.6636363636363636,0.0,"secID, secShortName, publishDate, endDate","{'object': 6, 'int64': 4, 'float64': 1}"
governance,equshareholdernumget,year_2010_Q2.csv,5.2951250076293945,1000,11,2.672727272727273,0.0,"secID, secShortName, publishDate, endDate","{'object': 6, 'int64': 4, 'float64': 1}"
governance,equshareholdernumget,year_2002_Q2.csv,0.7314596176147461,1000,11,8.927272727272726,0.0,"secID, secShortName, publishDate, endDate","{'object': 6, 'int64': 4, 'float64': 1}"
governance,equshareholdernumget,year_2024_Q4.csv,9.764256477355957,1000,11,0.6636363636363637,0.0,"secID, secShortName, publishDate, endDate","{'object': 6, 'int64': 3, 'float64': 2}"
additional_apis,sec_type_region,snapshot.csv,0.01820850372314453,394,4,0.0,0.0,"typeID, typeName, parentID","{'int64': 3, 'object': 1}"
additional_apis,fst_total,2024_Q4.csv,0.06172466278076172,723,10,0.0,0.0,tradeDate,"{'int64': 6, 'object': 3, 'float64': 1}"
additional_apis,fst_total,2024_Q1.csv,0.06172466278076172,723,10,0.0,0.0,tradeDate,"{'int64': 6, 'object': 3, 'float64': 1}"
additional_apis,fst_total,2024_Q2.csv,0.06172466278076172,723,10,0.0,0.0,tradeDate,"{'int64': 6, 'object': 3, 'float64': 1}"
additional_apis,fst_total,2024_Q3.csv,0.06172466278076172,723,10,0.0,0.0,tradeDate,"{'int64': 6, 'object': 3, 'float64': 1}"
additional_apis,fst_total,2022_Q4.csv,0.06172466278076172,723,10,0.0,0.0,tradeDate,"{'int64': 6, 'object': 3, 'float64': 1}"
additional_apis,equ_fancy_factors_lite,2024_Q4.csv,0.9879331588745117,1000,32,16.359375,0.0,tradeDate,"{'float64': 29, 'int64': 2, 'object': 1}"
additional_apis,equ_fancy_factors_lite,2024_Q1.csv,0.9734058380126953,1000,32,16.85,0.0,tradeDate,"{'float64': 29, 'int64': 2, 'object': 1}"
additional_apis,equ_fancy_factors_lite,2024_Q2.csv,0.9825363159179688,1000,32,16.475,0.0,tradeDate,"{'float64': 29, 'int64': 2, 'object': 1}"
additional_apis,equ_fancy_factors_lite,2024_Q3.csv,0.9957084655761719,1000,32,15.937499999999998,0.0,tradeDate,"{'float64': 29, 'int64': 2, 'object': 1}"
additional_apis,equ_fancy_factors_lite,2022_Q4.csv,0.8894519805908203,1000,32,19.74375,0.0,tradeDate,"{'float64': 29, 'int64': 2, 'object': 1}"
additional_apis,fst_detail,2024_Q4.csv,0.5006895065307617,1000,16,0.0,0.0,"tradeDate, secID, secShortName","{'object': 7, 'int64': 7, 'float64': 2}"
additional_apis,fst_detail,2024_Q3.csv,0.5060596466064453,1000,16,0.0,0.0,"tradeDate, secID, secShortName","{'object': 7, 'int64': 7, 'float64': 2}"
additional_apis,fst_detail,2020_Q1.csv,0.23171234130859375,1000,16,0.0,0.0,"tradeDate, secID, secShortName","{'object': 7, 'int64': 7, 'float64': 2}"
additional_apis,fst_detail,2020_Q3.csv,0.25256824493408203,1000,16,0.0,0.0,"tradeDate, secID, secShortName","{'object': 7, 'int64': 7, 'float64': 2}"
additional_apis,fst_detail,2020_Q2.csv,0.2358722686767578,1000,16,0.0,0.0,"tradeDate, secID, secShortName","{'object': 7, 'int64': 7, 'float64': 2}"
additional_apis,sec_type,snapshot.csv,0.03657341003417969,745,4,0.0,0.0,"typeID, typeName, parentID","{'int64': 3, 'object': 1}"
additional_apis,industry,snapshot.csv,0.36458587646484375,1000,13,15.346153846153845,0.0,"industryID, industrySymbol, industryName, indexSymbol, prntIndustryID","{'object': 7, 'int64': 4, 'float64': 2}"
additional_apis,sec_type_rel,snapshot.csv,4.52182674407959,1000,6,0.0,0.0,"typeID, typeName, secID, secShortName","{'object': 5, 'int64': 1}"
